Effect,count,gene
Substitution nonsense,116,ATM
Substitution missense,630,ATM
Substitution synonymous,110,ATM
Insertion inframe,3,ATM
Insertion frameshift,24,ATM
Deletion inframe,11,ATM
Deletion frameshift,78,ATM
Complex,9,ATM
Other,22,ATM
Substitution nonsense,1759,p53
Substitution missense,13411,p53
Substitution synonymous,637,p53
Insertion inframe,58,p53
Insertion frameshift,416,p53
Deletion inframe,332,p53
Deletion frameshift,1118,p53
Complex,238,p53
Other,7492,p53
Substitution nonsense,1239,APC
Substitution missense,527,APC
Substitution synonymous,187,APC
Insertion inframe,3,APC
Insertion frameshift,588,APC
Deletion inframe,0,APC
Deletion frameshift,1193,APC
Complex,19,APC
Other,149,APC
Substitution nonsense,32,BRCA1
Substitution missense,141,BRCA1
Substitution synonymous,63,BRCA1
Insertion inframe,0,BRCA1
Insertion frameshift,12,BRCA1
Deletion inframe,2,BRCA1
Deletion frameshift,27,BRCA1
Complex,3,BRCA1
Other,13,BRCA1
Substitution nonsense,8,CHEK2
Substitution missense,192,CHEK2
Substitution synonymous,110,CHEK2
Insertion inframe,0,CHEK2
Insertion frameshift,1,CHEK2
Deletion inframe,0,CHEK2
Deletion frameshift,1,CHEK2
Complex,19,CHEK2
Other,0,CHEK2
Substitution nonsense,434,PTEN
Substitution missense,1174,PTEN
Substitution synonymous,146,PTEN
Insertion inframe,12,PTEN
Insertion frameshift,286,PTEN
Deletion inframe,67,PTEN
Deletion frameshift,592,PTEN
Complex,37,PTEN
Other,361,PTEN
Substitution nonsense,222,NF1
Substitution missense,395,NF1
Substitution synonymous,103,NF1
Insertion inframe,0,NF1
Insertion frameshift,45,NF1
Deletion inframe,10,NF1
Deletion frameshift,162,NF1
Complex,11,NF1
Other,21,NF1
Substitution nonsense,129,SMAD4
Substitution missense,432,SMAD4
Substitution synonymous,69,SMAD4
Insertion inframe,1,SMAD4
Insertion frameshift,31,SMAD4
Deletion inframe,8,SMAD4
Deletion frameshift,35,SMAD4
Complex,3,SMAD4
Other,20,SMAD4
Substitution nonsense,191,RB1
Substitution missense,198,RB1
Substitution synonymous,64,RB1
Insertion inframe,1,RB1
Insertion frameshift,21,RB1
Deletion inframe,5,RB1
Deletion frameshift,79,RB1
Complex,8,RB1
Other,47,RB1
